<?xml version="1.0" encoding="UTF-8" standalone="yes"?>
<addon id="plugin.video.m3umaster" name="M3U Master" version="1.0.0" provider-name="IPLIVECO">
  <requires>
    <import addon="xbmc.python" version="2.1.0"/>
  </requires>
  <extension point="xbmc.python.pluginsource" library="default.py">
        <provides>video</provides>
  </extension>
  <extension point="xbmc.addon.metadata">
    <summary lang="en">M3U Master</summary>
    <description lang="en">M3U Master</description>
    <platform>all</platform>
  </extension>
</addon>
